Workbook
Name Binary: Table6[Binary]
Name Dead_Wood_Classes: DWC[Dead Wood Classes]
Name LookupNames: Table1[Lookup name]
Name Tree_Category: TreeCategory[[#Headers],[Tree Category]]
Name TreeCat: TreeCategory[Tree Category]

Sheet PSP Data
B1: PSP Plot Number
B2: Field Observation Date [dd.mm.yy]
B3: Start time [HH:MM]
B4: End time [HH:MM]
B5: Field Reporters (team members separate with comma)
B6: Digitalization Date [dd.mm.yyy]
B7: Digitalized by
A8: Coordinates | B8: X
B9: Y
A10: Tag | B10: Initial
B11: First used in outter circle
B12: Final
B13: Observations
A22: Trees | K22: Lying Deadwood
A23: Tag Number | B23: Species | C23: DBH | D23: Flower | E23: Seed | F23: Fruit | G23: X coordinate | H23: Y coordinate | I23: POM(cm) | K23: Dead Wood Class | L23: Dimater | M23: Hollow

Sheet Analysis
A1: Hour man costs | Y1: List of timber species | AC1: List of flowering trees | AG1: List of trees with fruits
A2: hours | B2: members | C2: hour man | Y2: unique | AC2: unique | AG2: unique
A3: ='PSP Data'!C4-'PSP Data'!C3 -> 0 | B3: =LEN(TRIM('PSP Data'!C5))-LEN(SUBSTITUTE(TRIM('PSP Data'!C5),",",""))+1 -> 1 | C3: =A3*B3 -> 0 | T3: Row Labels | U3: Sum of Count_cat | V3: Row Labels | W3: Sum of Count_dead | Y3: {=INDEX($N$21:$N$900, MATCH(0, COUNTIF($Y$2:Y2, $N$21:$N$900), 0))} -> #N/A | AC3: {=INDEX($O$21:$O$900, MATCH(0, COUNTIF($AC$2:AC2, $O$21:$O$900), 0))} | AG3: {=INDEX($P$21:$P$900, MATCH(0, COUNTIF($AG$2:AG2, $P$21:$P$900), 0))}
T4: habitat | U4: 20 | V4: FALSE | W4: 27 | Y4: {=INDEX($N$21:$N$900, MATCH(0, COUNTIF($Y$2:Y3, $N$21:$N$900), 0))} -> #N/A | AC4: {=INDEX($O$21:$O$900, MATCH(0, COUNTIF($AC$2:AC3, $O$21:$O$900), 0))} -> #N/A | AG4: {=INDEX($P$21:$P$900, MATCH(0, COUNTIF($AG$2:AG3, $P$21:$P$900), 0))} -> #N/A
A5: Number of tagged trees | T5: medicinal | U5: 2 | V5: TRUE | W5: 5 | Y5: {=INDEX($N$21:$N$900, MATCH(0, COUNTIF($Y$2:Y4, $N$21:$N$900), 0))} -> #N/A | AC5: {=INDEX($O$21:$O$900, MATCH(0, COUNTIF($AC$2:AC4, $O$21:$O$900), 0))} -> #N/A | AG5: {=INDEX($P$21:$P$900, MATCH(0, COUNTIF($AG$2:AG4, $P$21:$P$900), 0))} -> #N/A
A6: inner | B6: outter | C6: total | T6: timber | U6: 4 | V6: Grand Total | W6: 32 | Y6: {=INDEX($N$21:$N$900, MATCH(0, COUNTIF($Y$2:Y5, $N$21:$N$900), 0))} -> #N/A | AC6: {=INDEX($O$21:$O$900, MATCH(0, COUNTIF($AC$2:AC5, $O$21:$O$900), 0))} -> #N/A | AG6: {=INDEX($P$21:$P$900, MATCH(0, COUNTIF($AG$2:AG5, $P$21:$P$900), 0))} -> #N/A
A7: ='PSP Data'!C11-'PSP Data'!C10 -> 0 | B7: ='PSP Data'!C12-'PSP Data'!C11 -> 0 | C7: ='PSP Data'!C12-'PSP Data'!C10 -> 0 | T7: unknown | U7: 6 | Y7: {=INDEX($N$21:$N$900, MATCH(0, COUNTIF($Y$2:Y6, $N$21:$N$900), 0))} -> #N/A | AC7: {=INDEX($O$21:$O$900, MATCH(0, COUNTIF($AC$2:AC6, $O$21:$O$900), 0))} -> #N/A | AG7: {=INDEX($P$21:$P$900, MATCH(0, COUNTIF($AG$2:AG6, $P$21:$P$900), 0))} -> #N/A
T8: Grand Total | U8: 32 | Y8: {=INDEX($N$21:$N$900, MATCH(0, COUNTIF($Y$2:Y7, $N$21:$N$900), 0))} -> #N/A | AC8: {=INDEX($O$21:$O$900, MATCH(0, COUNTIF($AC$2:AC7, $O$21:$O$900), 0))} -> #N/A | AG8: {=INDEX($P$21:$P$900, MATCH(0, COUNTIF($AG$2:AG7, $P$21:$P$900), 0))} -> #N/A
A9: Most occuring tree | Y9: {=INDEX($N$21:$N$900, MATCH(0, COUNTIF($Y$2:Y8, $N$21:$N$900), 0))} -> #N/A | AC9: {=INDEX($O$21:$O$900, MATCH(0, COUNTIF($AC$2:AC8, $O$21:$O$900), 0))} -> #N/A | AG9: {=INDEX($P$21:$P$900, MATCH(0, COUNTIF($AG$2:AG8, $P$21:$P$900), 0))} -> #N/A
A10: {=INDEX(B21:B900,MODE(IF(B21:B900<>"",MATCH(B21:B900,B21:B900,0))))} -> #N/A | Y10: {=INDEX($N$21:$N$900, MATCH(0, COUNTIF($Y$2:Y9, $N$21:$N$900), 0))} -> #N/A | AC10: {=INDEX($O$21:$O$900, MATCH(0, COUNTIF($AC$2:AC9, $O$21:$O$900), 0))} -> #N/A | AG10: {=INDEX($P$21:$P$900, MATCH(0, COUNTIF($AG$2:AG9, $P$21:$P$900), 0))} -> #N/A
Y11: {=INDEX($N$21:$N$900, MATCH(0, COUNTIF($Y$2:Y10, $N$21:$N$900), 0))} -> #N/A | AC11: {=INDEX($O$21:$O$900, MATCH(0, COUNTIF($AC$2:AC10, $O$21:$O$900), 0))} -> #N/A | AG11: {=INDEX($P$21:$P$900, MATCH(0, COUNTIF($AG$2:AG10, $P$21:$P$900), 0))} -> #N/A
Y12: {=INDEX($N$21:$N$900, MATCH(0, COUNTIF($Y$2:Y11, $N$21:$N$900), 0))} -> #N/A | AC12: {=INDEX($O$21:$O$900, MATCH(0, COUNTIF($AC$2:AC11, $O$21:$O$900), 0))} -> #N/A | AG12: {=INDEX($P$21:$P$900, MATCH(0, COUNTIF($AG$2:AG11, $P$21:$P$900), 0))} -> #N/A
Y13: {=INDEX($N$21:$N$900, MATCH(0, COUNTIF($Y$2:Y12, $N$21:$N$900), 0))} -> #N/A | AC13: {=INDEX($O$21:$O$900, MATCH(0, COUNTIF($AC$2:AC12, $O$21:$O$900), 0))} -> #N/A | AG13: {=INDEX($P$21:$P$900, MATCH(0, COUNTIF($AG$2:AG12, $P$21:$P$900), 0))} -> #N/A
Y14: {=INDEX($N$21:$N$900, MATCH(0, COUNTIF($Y$2:Y13, $N$21:$N$900), 0))} -> #N/A | AC14: {=INDEX($O$21:$O$900, MATCH(0, COUNTIF($AC$2:AC13, $O$21:$O$900), 0))} -> #N/A | AG14: {=INDEX($P$21:$P$900, MATCH(0, COUNTIF($AG$2:AG13, $P$21:$P$900), 0))} -> #N/A
Y15: {=INDEX($N$21:$N$900, MATCH(0, COUNTIF($Y$2:Y14, $N$21:$N$900), 0))} -> #N/A | AC15: {=INDEX($O$21:$O$900, MATCH(0, COUNTIF($AC$2:AC14, $O$21:$O$900), 0))} -> #N/A | AG15: {=INDEX($P$21:$P$900, MATCH(0, COUNTIF($AG$2:AG14, $P$21:$P$900), 0))} -> #N/A
Y16: {=INDEX($N$21:$N$900, MATCH(0, COUNTIF($Y$2:Y15, $N$21:$N$900), 0))} -> #N/A | AC16: {=INDEX($O$21:$O$900, MATCH(0, COUNTIF($AC$2:AC15, $O$21:$O$900), 0))} -> #N/A | AG16: {=INDEX($P$21:$P$900, MATCH(0, COUNTIF($AG$2:AG15, $P$21:$P$900), 0))} -> #N/A
Y17: {=INDEX($N$21:$N$900, MATCH(0, COUNTIF($Y$2:Y16, $N$21:$N$900), 0))} -> #N/A | AC17: {=INDEX($O$21:$O$900, MATCH(0, COUNTIF($AC$2:AC16, $O$21:$O$900), 0))} -> #N/A | AG17: {=INDEX($P$21:$P$900, MATCH(0, COUNTIF($AG$2:AG16, $P$21:$P$900), 0))} -> #N/A
Y18: {=INDEX($N$21:$N$900, MATCH(0, COUNTIF($Y$2:Y17, $N$21:$N$900), 0))} -> #N/A | AC18: {=INDEX($O$21:$O$900, MATCH(0, COUNTIF($AC$2:AC17, $O$21:$O$900), 0))} -> #N/A | AG18: {=INDEX($P$21:$P$900, MATCH(0, COUNTIF($AG$2:AG17, $P$21:$P$900), 0))} -> #N/A
A19: DATA COPY AND MANIPULATION | Y19: {=INDEX($N$21:$N$900, MATCH(0, COUNTIF($Y$2:Y18, $N$21:$N$900), 0))} -> #N/A | AC19: {=INDEX($O$21:$O$900, MATCH(0, COUNTIF($AC$2:AC18, $O$21:$O$900), 0))} -> #N/A | AG19: {=INDEX($P$21:$P$900, MATCH(0, COUNTIF($AG$2:AG18, $P$21:$P$900), 0))} -> #N/A
A20: ='PSP Data'!A23 -> Tag Number | B20: ='PSP Data'!B23 -> Species | C20: ='PSP Data'!C23 -> DBH | D20: ='PSP Data'!D23 -> Flower | E20: ='PSP Data'!E23 -> Seed | F20: ='PSP Data'!F23 -> Fruit | G20: ='PSP Data'!G23 -> X coordinate | H20: ='PSP Data'!H23 -> Y coordinate | I20: ='PSP Data'!I23 -> POM(cm) | J20: DBH(>25) | K20: DBH inner | L20: Category | M20: Count_cat | N20: Timber species | O20: Trees with Flower | P20: Trees with Fruit | Q20: Is Deadwood? | R20: Count_dead | Y20: {=INDEX($N$21:$N$900, MATCH(0, COUNTIF($Y$2:Y19, $N$21:$N$900), 0))} -> #N/A | AC20: {=INDEX($O$21:$O$900, MATCH(0, COUNTIF($AC$2:AC19, $O$21:$O$900), 0))} -> #N/A | AG20: {=INDEX($P$21:$P$900, MATCH(0, COUNTIF($AG$2:AG19, $P$21:$P$900), 0))} -> #N/A
A21: ='PSP Data'!A24 -> 0 | B21: =IF('PSP Data'!B24=0,"",'PSP Data'!B24) | C21: ='PSP Data'!C24 -> 0 | D21: ='PSP Data'!D24 -> 0 | E21: ='PSP Data'!E24 -> 0 | F21: ='PSP Data'!F24 -> 0 | G21: ='PSP Data'!G24 -> 0 | H21: ='PSP Data'!H24 -> 0 | I21: ='PSP Data'!I24 -> 0 | J21: =IF(C21>=25,C21,#N/A) -> #N/A | K21: =IF(AND((A21<'PSP Data'!$C$11),(A21<>0)),Analysis!C21,#N/A) -> #N/A | L21: =IF(VLOOKUP(B21,Table1[],4)=0,"unknown", VLOOKUP(B21,Table1[],4)) -> #N/A | M21: 1 | N21: =IF(L21="timber",B21,"") -> #N/A | O21: =IF(D21="y",B21,"") | P21: =IF(F21="y",B21,"") | Q21: =IF(B21="","",ISNUMBER(FIND("Dead wood",B21:B900))) | R21: 1 | Y21: {=INDEX($N$21:$N$900, MATCH(0, COUNTIF($Y$2:Y20, $N$21:$N$900), 0))} -> #N/A | AC21: {=INDEX($O$21:$O$900, MATCH(0, COUNTIF($AC$2:AC20, $O$21:$O$900), 0))} -> #N/A | AG21: {=INDEX($P$21:$P$900, MATCH(0, COUNTIF($AG$2:AG20, $P$21:$P$900), 0))} -> #N/A
A22: ='PSP Data'!A25 -> 0 | B22: =IF('PSP Data'!B25=0,"",'PSP Data'!B25) | C22: ='PSP Data'!C25 -> 0 | D22: ='PSP Data'!D25 -> 0 | E22: ='PSP Data'!E25 -> 0 | F22: ='PSP Data'!F25 -> 0 | G22: ='PSP Data'!G25 -> 0 | H22: ='PSP Data'!H25 -> 0 | I22: ='PSP Data'!I25 -> 0 | J22: =IF(C22>=25,C22,#N/A) -> #N/A | K22: =IF(AND((A22<'PSP Data'!$C$11),(A22<>0)),Analysis!C22,#N/A) -> #N/A | L22: =IF(VLOOKUP(B22,Table1[],4)=0,"unknown", VLOOKUP(B22,Table1[],4)) -> #N/A | M22: 1 | N22: =IF(L22="timber",B22,"") -> #N/A | O22: =IF(D22="y",B22,"") | P22: =IF(F22="y",B22,"") | Q22: =IF(B22="","",ISNUMBER(FIND("Dead wood",B22:B901))) | R22: 1 | Y22: {=INDEX($N$21:$N$900, MATCH(0, COUNTIF($Y$2:Y21, $N$21:$N$900), 0))} -> #N/A | AC22: {=INDEX($O$21:$O$900, MATCH(0, COUNTIF($AC$2:AC21, $O$21:$O$900), 0))} -> #N/A | AG22: {=INDEX($P$21:$P$900, MATCH(0, COUNTIF($AG$2:AG21, $P$21:$P$900), 0))} -> #N/A
A23: ='PSP Data'!A26 -> 0 | B23: =IF('PSP Data'!B26=0,"",'PSP Data'!B26) | C23: ='PSP Data'!C26 -> 0 | D23: ='PSP Data'!D26 -> 0 | E23: ='PSP Data'!E26 -> 0 | F23: ='PSP Data'!F26 -> 0 | G23: ='PSP Data'!G26 -> 0 | H23: ='PSP Data'!H26 -> 0 | I23: ='PSP Data'!I26 -> 0 | J23: =IF(C23>=25,C23,#N/A) -> #N/A | K23: =IF(AND((A23<'PSP Data'!$C$11),(A23<>0)),Analysis!C23,#N/A) -> #N/A | L23: =IF(VLOOKUP(B23,Table1[],4)=0,"unknown", VLOOKUP(B23,Table1[],4)) -> #N/A | M23: 1 | N23: =IF(L23="timber",B23,"") -> #N/A | O23: =IF(D23="y",B23,"") | P23: =IF(F23="y",B23,"") | Q23: =IF(B23="","",ISNUMBER(FIND("Dead wood",B23:B902))) | R23: 1 | Y23: {=INDEX($N$21:$N$900, MATCH(0, COUNTIF($Y$2:Y22, $N$21:$N$900), 0))} -> #N/A | AC23: {=INDEX($O$21:$O$900, MATCH(0, COUNTIF($AC$2:AC22, $O$21:$O$900), 0))} -> #N/A | AG23: {=INDEX($P$21:$P$900, MATCH(0, COUNTIF($AG$2:AG22, $P$21:$P$900), 0))} -> #N/A
A24: ='PSP Data'!A27 -> 0 | B24: =IF('PSP Data'!B27=0,"",'PSP Data'!B27) | C24: ='PSP Data'!C27 -> 0 | D24: ='PSP Data'!D27 -> 0 | E24: ='PSP Data'!E27 -> 0 | F24: ='PSP Data'!F27 -> 0 | G24: ='PSP Data'!G27 -> 0 | H24: ='PSP Data'!H27 -> 0 | I24: ='PSP Data'!I27 -> 0 | J24: =IF(C24>=25,C24,#N/A) -> #N/A | K24: =IF(AND((A24<'PSP Data'!$C$11),(A24<>0)),Analysis!C24,#N/A) -> #N/A | L24: =IF(VLOOKUP(B24,Table1[],4)=0,"unknown", VLOOKUP(B24,Table1[],4)) -> #N/A | M24: 1 | N24: =IF(L24="timber",B24,"") -> #N/A | O24: =IF(D24="y",B24,"") | P24: =IF(F24="y",B24,"") | Q24: =IF(B24="","",ISNUMBER(FIND("Dead wood",B24:B903))) | R24: 1 | Y24: {=INDEX($N$21:$N$900, MATCH(0, COUNTIF($Y$2:Y23, $N$21:$N$900), 0))} -> #N/A | AC24: {=INDEX($O$21:$O$900, MATCH(0, COUNTIF($AC$2:AC23, $O$21:$O$900), 0))} -> #N/A | AG24: {=INDEX($P$21:$P$900, MATCH(0, COUNTIF($AG$2:AG23, $P$21:$P$900), 0))} -> #N/A
A25: ='PSP Data'!A28 -> 0 | B25: =IF('PSP Data'!B28=0,"",'PSP Data'!B28) | C25: ='PSP Data'!C28 -> 0 | D25: ='PSP Data'!D28 -> 0 | E25: ='PSP Data'!E28 -> 0 | F25: ='PSP Data'!F28 -> 0 | G25: ='PSP Data'!G28 -> 0 | H25: ='PSP Data'!H28 -> 0 | I25: ='PSP Data'!I28 -> 0 | J25: =IF(C25>=25,C25,#N/A) -> #N/A | K25: =IF(AND((A25<'PSP Data'!$C$11),(A25<>0)),Analysis!C25,#N/A) -> #N/A | L25: =IF(VLOOKUP(B25,Table1[],4)=0,"unknown", VLOOKUP(B25,Table1[],4)) -> #N/A | M25: 1 | N25: =IF(L25="timber",B25,"") -> #N/A | O25: =IF(D25="y",B25,"") | P25: =IF(F25="y",B25,"") | Q25: =IF(B25="","",ISNUMBER(FIND("Dead wood",B25:B904))) | R25: 1 | Y25: {=INDEX($N$21:$N$900, MATCH(0, COUNTIF($Y$2:Y24, $N$21:$N$900), 0))} -> #N/A | AC25: {=INDEX($O$21:$O$900, MATCH(0, COUNTIF($AC$2:AC24, $O$21:$O$900), 0))} -> #N/A | AG25: {=INDEX($P$21:$P$900, MATCH(0, COUNTIF($AG$2:AG24, $P$21:$P$900), 0))} -> #N/A
A26: ='PSP Data'!A29 -> 0 | B26: =IF('PSP Data'!B29=0,"",'PSP Data'!B29) | C26: ='PSP Data'!C29 -> 0 | D26: ='PSP Data'!D29 -> 0 | E26: ='PSP Data'!E29 -> 0 | F26: ='PSP Data'!F29 -> 0 | G26: ='PSP Data'!G29 -> 0 | H26: ='PSP Data'!H29 -> 0 | I26: ='PSP Data'!I29 -> 0 | J26: =IF(C26>=25,C26,#N/A) -> #N/A | K26: =IF(AND((A26<'PSP Data'!$C$11),(A26<>0)),Analysis!C26,#N/A) -> #N/A | L26: =IF(VLOOKUP(B26,Table1[],4)=0,"unknown", VLOOKUP(B26,Table1[],4)) -> #N/A | M26: 1 | N26: =IF(L26="timber",B26,"") -> #N/A | O26: =IF(D26="y",B26,"") | P26: =IF(F26="y",B26,"") | Q26: =IF(B26="","",ISNUMBER(FIND("Dead wood",B26:B905))) | R26: 1 | Y26: {=INDEX($N$21:$N$900, MATCH(0, COUNTIF($Y$2:Y25, $N$21:$N$900), 0))} -> #N/A | AC26: {=INDEX($O$21:$O$900, MATCH(0, COUNTIF($AC$2:AC25, $O$21:$O$900), 0))} -> #N/A | AG26: {=INDEX($P$21:$P$900, MATCH(0, COUNTIF($AG$2:AG25, $P$21:$P$900), 0))} -> #N/A
A27: ='PSP Data'!A30 -> 0 | B27: =IF('PSP Data'!B30=0,"",'PSP Data'!B30) | C27: ='PSP Data'!C30 -> 0 | D27: ='PSP Data'!D30 -> 0 | E27: ='PSP Data'!E30 -> 0 | F27: ='PSP Data'!F30 -> 0 | G27: ='PSP Data'!G30 -> 0 | H27: ='PSP Data'!H30 -> 0 | I27: ='PSP Data'!I30 -> 0 | J27: =IF(C27>=25,C27,#N/A) -> #N/A | K27: =IF(AND((A27<'PSP Data'!$C$11),(A27<>0)),Analysis!C27,#N/A) -> #N/A | L27: =IF(VLOOKUP(B27,Table1[],4)=0,"unknown", VLOOKUP(B27,Table1[],4)) -> #N/A | M27: 1 | N27: =IF(L27="timber",B27,"") -> #N/A | O27: =IF(D27="y",B27,"") | P27: =IF(F27="y",B27,"") | Q27: =IF(B27="","",ISNUMBER(FIND("Dead wood",B27:B906))) | R27: 1 | Y27: {=INDEX($N$21:$N$900, MATCH(0, COUNTIF($Y$2:Y26, $N$21:$N$900), 0))} -> #N/A | AC27: {=INDEX($O$21:$O$900, MATCH(0, COUNTIF($AC$2:AC26, $O$21:$O$900), 0))} -> #N/A | AG27: {=INDEX($P$21:$P$900, MATCH(0, COUNTIF($AG$2:AG26, $P$21:$P$900), 0))} -> #N/A
A28: ='PSP Data'!A31 -> 0 | B28: =IF('PSP Data'!B31=0,"",'PSP Data'!B31) | C28: ='PSP Data'!C31 -> 0 | D28: ='PSP Data'!D31 -> 0 | E28: ='PSP Data'!E31 -> 0 | F28: ='PSP Data'!F31 -> 0 | G28: ='PSP Data'!G31 -> 0 | H28: ='PSP Data'!H31 -> 0 | I28: ='PSP Data'!I31 -> 0 | J28: =IF(C28>=25,C28,#N/A) -> #N/A | K28: =IF(AND((A28<'PSP Data'!$C$11),(A28<>0)),Analysis!C28,#N/A) -> #N/A | L28: =IF(VLOOKUP(B28,Table1[],4)=0,"unknown", VLOOKUP(B28,Table1[],4)) -> #N/A | M28: 1 | N28: =IF(L28="timber",B28,"") -> #N/A | O28: =IF(D28="y",B28,"") | P28: =IF(F28="y",B28,"") | Q28: =IF(B28="","",ISNUMBER(FIND("Dead wood",B28:B907))) | R28: 1 | Y28: {=INDEX($N$21:$N$900, MATCH(0, COUNTIF($Y$2:Y27, $N$21:$N$900), 0))} -> #N/A | AC28: {=INDEX($O$21:$O$900, MATCH(0, COUNTIF($AC$2:AC27, $O$21:$O$900), 0))} -> #N/A | AG28: {=INDEX($P$21:$P$900, MATCH(0, COUNTIF($AG$2:AG27, $P$21:$P$900), 0))} -> #N/A
A29: ='PSP Data'!A32 -> 0 | B29: =IF('PSP Data'!B32=0,"",'PSP Data'!B32) | C29: ='PSP Data'!C32 -> 0 | D29: ='PSP Data'!D32 -> 0 | E29: ='PSP Data'!E32 -> 0 | F29: ='PSP Data'!F32 -> 0 | G29: ='PSP Data'!G32 -> 0 | H29: ='PSP Data'!H32 -> 0 | I29: ='PSP Data'!I32 -> 0 | J29: =IF(C29>=25,C29,#N/A) -> #N/A | K29: =IF(AND((A29<'PSP Data'!$C$11),(A29<>0)),Analysis!C29,#N/A) -> #N/A | L29: =IF(VLOOKUP(B29,Table1[],4)=0,"unknown", VLOOKUP(B29,Table1[],4)) -> #N/A | M29: 1 | N29: =IF(L29="timber",B29,"") -> #N/A | O29: =IF(D29="y",B29,"") | P29: =IF(F29="y",B29,"") | Q29: =IF(B29="","",ISNUMBER(FIND("Dead wood",B29:B908))) | R29: 1 | Y29: {=INDEX($N$21:$N$900, MATCH(0, COUNTIF($Y$2:Y28, $N$21:$N$900), 0))} -> #N/A | AC29: {=INDEX($O$21:$O$900, MATCH(0, COUNTIF($AC$2:AC28, $O$21:$O$900), 0))} -> #N/A | AG29: {=INDEX($P$21:$P$900, MATCH(0, COUNTIF($AG$2:AG28, $P$21:$P$900), 0))} -> #N/A
A30: ='PSP Data'!A33 -> 0 | B30: =IF('PSP Data'!B33=0,"",'PSP Data'!B33) | C30: ='PSP Data'!C33 -> 0 | D30: ='PSP Data'!D33 -> 0 | E30: ='PSP Data'!E33 -> 0 | F30: ='PSP Data'!F33 -> 0 | G30: ='PSP Data'!G33 -> 0 | H30: ='PSP Data'!H33 -> 0 | I30: ='PSP Data'!I33 -> 0 | J30: =IF(C30>=25,C30,#N/A) -> #N/A | K30: =IF(AND((A30<'PSP Data'!$C$11),(A30<>0)),Analysis!C30,#N/A) -> #N/A | L30: =IF(VLOOKUP(B30,Table1[],4)=0,"unknown", VLOOKUP(B30,Table1[],4)) -> #N/A | M30: 1 | N30: =IF(L30="timber",B30,"") -> #N/A | O30: =IF(D30="y",B30,"") | P30: =IF(F30="y",B30,"") | Q30: =IF(B30="","",ISNUMBER(FIND("Dead wood",B30:B909))) | R30: 1 | Y30: {=INDEX($N$21:$N$900, MATCH(0, COUNTIF($Y$2:Y29, $N$21:$N$900), 0))} -> #N/A | AC30: {=INDEX($O$21:$O$900, MATCH(0, COUNTIF($AC$2:AC29, $O$21:$O$900), 0))} -> #N/A | AG30: {=INDEX($P$21:$P$900, MATCH(0, COUNTIF($AG$2:AG29, $P$21:$P$900), 0))} -> #N/A
A31: ='PSP Data'!A34 -> 0 | B31: =IF('PSP Data'!B34=0,"",'PSP Data'!B34) | C31: ='PSP Data'!C34 -> 0 | D31: ='PSP Data'!D34 -> 0 | E31: ='PSP Data'!E34 -> 0 | F31: ='PSP Data'!F34 -> 0 | G31: ='PSP Data'!G34 -> 0 | H31: ='PSP Data'!H34 -> 0 | I31: ='PSP Data'!I34 -> 0 | J31: =IF(C31>=25,C31,#N/A) -> #N/A | K31: =IF(AND((A31<'PSP Data'!$C$11),(A31<>0)),Analysis!C31,#N/A) -> #N/A | L31: =IF(VLOOKUP(B31,Table1[],4)=0,"unknown", VLOOKUP(B31,Table1[],4)) -> #N/A | M31: 1 | N31: =IF(L31="timber",B31,"") -> #N/A | O31: =IF(D31="y",B31,"") | P31: =IF(F31="y",B31,"") | Q31: =IF(B31="","",ISNUMBER(FIND("Dead wood",B31:B910))) | R31: 1 | Y31: {=INDEX($N$21:$N$900, MATCH(0, COUNTIF($Y$2:Y30, $N$21:$N$900), 0))} -> #N/A | AC31: {=INDEX($O$21:$O$900, MATCH(0, COUNTIF($AC$2:AC30, $O$21:$O$900), 0))} -> #N/A | AG31: {=INDEX($P$21:$P$900, MATCH(0, COUNTIF($AG$2:AG30, $P$21:$P$900), 0))} -> #N/A
A32: ='PSP Data'!A35 -> 0 | B32: =IF('PSP Data'!B35=0,"",'PSP Data'!B35) | C32: ='PSP Data'!C35 -> 0 | D32: ='PSP Data'!D35 -> 0 | E32: ='PSP Data'!E35 -> 0 | F32: ='PSP Data'!F35 -> 0 | G32: ='PSP Data'!G35 -> 0 | H32: ='PSP Data'!H35 -> 0 | I32: ='PSP Data'!I35 -> 0 | J32: =IF(C32>=25,C32,#N/A) -> #N/A | K32: =IF(AND((A32<'PSP Data'!$C$11),(A32<>0)),Analysis!C32,#N/A) -> #N/A | L32: =IF(VLOOKUP(B32,Table1[],4)=0,"unknown", VLOOKUP(B32,Table1[],4)) -> #N/A | M32: 1 | N32: =IF(L32="timber",B32,"") -> #N/A | O32: =IF(D32="y",B32,"") | P32: =IF(F32="y",B32,"") | Q32: =IF(B32="","",ISNUMBER(FIND("Dead wood",B32:B911))) | R32: 1 | Y32: {=INDEX($N$21:$N$900, MATCH(0, COUNTIF($Y$2:Y31, $N$21:$N$900), 0))} -> #N/A | AC32: {=INDEX($O$21:$O$900, MATCH(0, COUNTIF($AC$2:AC31, $O$21:$O$900), 0))} -> #N/A | AG32: {=INDEX($P$21:$P$900, MATCH(0, COUNTIF($AG$2:AG31, $P$21:$P$900), 0))} -> #N/A
... A44: ='PSP Data'!A47 -> 0 | B44: =IF('PSP Data'!B47=0,"",'PSP Data'!B47) | C44: ='PSP Data'!C47 -> 0 | D44: ='PSP Data'!D47 -> 0 | E44: ='PSP Data'!E47 -> 0 | F44: ='PSP Data'!F47 -> 0 | G44: ='PSP Data'!G47 -> 0 | H44: ='PSP Data'!H47 -> 0 | I44: ='PSP Data'!I47 -> 0 | J44: =IF(C44>=25,C44,#N/A) -> #N/A | K44: =IF(AND((A44<'PSP Data'!$C$11),(A44<>0)),Analysis!C44,#N/A) -> #N/A | L44: =IF(VLOOKUP(B44,Table1[],4)=0,"unknown", VLOOKUP(B44,Table1[],4)) -> #N/A | M44: 1 | N44: =IF(L44="timber",B44,"") -> #N/A | O44: =IF(D44="y",B44,"") | P44: =IF(F44="y",B44,"") | Q44: =IF(B44="","",ISNUMBER(FIND("Dead wood",B44:B923))) | R44: 1 | Y44: {=INDEX($N$21:$N$900, MATCH(0, COUNTIF($Y$2:Y43, $N$21:$N$900), 0))} -> #N/A | AC44: {=INDEX($O$21:$O$900, MATCH(0, COUNTIF($AC$2:AC43, $O$21:$O$900), 0))} -> #N/A | AG44: {=INDEX($P$21:$P$900, MATCH(0, COUNTIF($AG$2:AG43, $P$21:$P$900), 0))} -> #N/A
A45: ='PSP Data'!A48 -> 0 | B45: =IF('PSP Data'!B48=0,"",'PSP Data'!B48) | C45: ='PSP Data'!C48 -> 0 | D45: ='PSP Data'!D48 -> 0 | E45: ='PSP Data'!E48 -> 0 | F45: ='PSP Data'!F48 -> 0 | G45: ='PSP Data'!G48 -> 0 | H45: ='PSP Data'!H48 -> 0 | I45: ='PSP Data'!I48 -> 0 | J45: =IF(C45>=25,C45,#N/A) -> #N/A | K45: =IF(AND((A45<'PSP Data'!$C$11),(A45<>0)),Analysis!C45,#N/A) -> #N/A | L45: =IF(VLOOKUP(B45,Table1[],4)=0,"unknown", VLOOKUP(B45,Table1[],4)) -> #N/A | M45: 1 | N45: =IF(L45="timber",B45,"") -> #N/A | O45: =IF(D45="y",B45,"") | P45: =IF(F45="y",B45,"") | Q45: =IF(B45="","",ISNUMBER(FIND("Dead wood",B45:B924))) | R45: 1
A46: ='PSP Data'!A49 -> 0 | B46: =IF('PSP Data'!B49=0,"",'PSP Data'!B49) | C46: ='PSP Data'!C49 -> 0 | D46: ='PSP Data'!D49 -> 0 | E46: ='PSP Data'!E49 -> 0 | F46: ='PSP Data'!F49 -> 0 | G46: ='PSP Data'!G49 -> 0 | H46: ='PSP Data'!H49 -> 0 | I46: ='PSP Data'!I49 -> 0 | J46: =IF(C46>=25,C46,#N/A) -> #N/A | K46: =IF(AND((A46<'PSP Data'!$C$11),(A46<>0)),Analysis!C46,#N/A) -> #N/A | L46: =IF(VLOOKUP(B46,Table1[],4)=0,"unknown", VLOOKUP(B46,Table1[],4)) -> #N/A | M46: 1 | N46: =IF(L46="timber",B46,"") -> #N/A | O46: =IF(D46="y",B46,"") | P46: =IF(F46="y",B46,"") | Q46: =IF(B46="","",ISNUMBER(FIND("Dead wood",B46:B925))) | R46: 1
A47: ='PSP Data'!A50 -> 0 | B47: =IF('PSP Data'!B50=0,"",'PSP Data'!B50) | C47: ='PSP Data'!C50 -> 0 | D47: ='PSP Data'!D50 -> 0 | E47: ='PSP Data'!E50 -> 0 | F47: ='PSP Data'!F50 -> 0 | G47: ='PSP Data'!G50 -> 0 | H47: ='PSP Data'!H50 -> 0 | I47: ='PSP Data'!I50 -> 0 | J47: =IF(C47>=25,C47,#N/A) -> #N/A | K47: =IF(AND((A47<'PSP Data'!$C$11),(A47<>0)),Analysis!C47,#N/A) -> #N/A | L47: =IF(VLOOKUP(B47,Table1[],4)=0,"unknown", VLOOKUP(B47,Table1[],4)) -> #N/A | M47: 1 | N47: =IF(L47="timber",B47,"") -> #N/A | O47: =IF(D47="y",B47,"") | P47: =IF(F47="y",B47,"") | Q47: =IF(B47="","",ISNUMBER(FIND("Dead wood",B47:B926))) | R47: 1
A48: ='PSP Data'!A51 -> 0 | B48: =IF('PSP Data'!B51=0,"",'PSP Data'!B51) | C48: ='PSP Data'!C51 -> 0 | D48: ='PSP Data'!D51 -> 0 | E48: ='PSP Data'!E51 -> 0 | F48: ='PSP Data'!F51 -> 0 | G48: ='PSP Data'!G51 -> 0 | H48: ='PSP Data'!H51 -> 0 | I48: ='PSP Data'!I51 -> 0 | J48: =IF(C48>=25,C48,#N/A) -> #N/A | K48: =IF(AND((A48<'PSP Data'!$C$11),(A48<>0)),Analysis!C48,#N/A) -> #N/A | L48: =IF(VLOOKUP(B48,Table1[],4)=0,"unknown", VLOOKUP(B48,Table1[],4)) -> #N/A | M48: 1 | N48: =IF(L48="timber",B48,"") -> #N/A | O48: =IF(D48="y",B48,"") | P48: =IF(F48="y",B48,"") | Q48: =IF(B48="","",ISNUMBER(FIND("Dead wood",B48:B927))) | R48: 1
A49: ='PSP Data'!A52 -> 0 | B49: =IF('PSP Data'!B52=0,"",'PSP Data'!B52) | C49: ='PSP Data'!C52 -> 0 | D49: ='PSP Data'!D52 -> 0 | E49: ='PSP Data'!E52 -> 0 | F49: ='PSP Data'!F52 -> 0 | G49: ='PSP Data'!G52 -> 0 | H49: ='PSP Data'!H52 -> 0 | I49: ='PSP Data'!I52 -> 0 | J49: =IF(C49>=25,C49,#N/A) -> #N/A | K49: =IF(AND((A49<'PSP Data'!$C$11),(A49<>0)),Analysis!C49,#N/A) -> #N/A | L49: =IF(VLOOKUP(B49,Table1[],4)=0,"unknown", VLOOKUP(B49,Table1[],4)) -> #N/A | M49: 1 | N49: =IF(L49="timber",B49,"") -> #N/A | O49: =IF(D49="y",B49,"") | P49: =IF(F49="y",B49,"") | Q49: =IF(B49="","",ISNUMBER(FIND("Dead wood",B49:B928))) | R49: 1
A50: ='PSP Data'!A53 -> 0 | B50: =IF('PSP Data'!B53=0,"",'PSP Data'!B53) | C50: ='PSP Data'!C53 -> 0 | D50: ='PSP Data'!D53 -> 0 | E50: ='PSP Data'!E53 -> 0 | F50: ='PSP Data'!F53 -> 0 | G50: ='PSP Data'!G53 -> 0 | H50: ='PSP Data'!H53 -> 0 | I50: ='PSP Data'!I53 -> 0 | J50: =IF(C50>=25,C50,#N/A) -> #N/A | K50: =IF(AND((A50<'PSP Data'!$C$11),(A50<>0)),Analysis!C50,#N/A) -> #N/A | L50: =IF(VLOOKUP(B50,Table1[],4)=0,"unknown", VLOOKUP(B50,Table1[],4)) -> #N/A | M50: 1 | N50: =IF(L50="timber",B50,"") -> #N/A | O50: =IF(D50="y",B50,"") | P50: =IF(F50="y",B50,"") | Q50: =IF(B50="","",ISNUMBER(FIND("Dead wood",B50:B929))) | R50: 1
A51: ='PSP Data'!A54 -> 0 | B51: =IF('PSP Data'!B54=0,"",'PSP Data'!B54) | C51: ='PSP Data'!C54 -> 0 | D51: ='PSP Data'!D54 -> 0 | E51: ='PSP Data'!E54 -> 0 | F51: ='PSP Data'!F54 -> 0 | G51: ='PSP Data'!G54 -> 0 | H51: ='PSP Data'!H54 -> 0 | I51: ='PSP Data'!I54 -> 0 | J51: =IF(C51>=25,C51,#N/A) -> #N/A | K51: =IF(AND((A51<'PSP Data'!$C$11),(A51<>0)),Analysis!C51,#N/A) -> #N/A | L51: =IF(VLOOKUP(B51,Table1[],4)=0,"unknown", VLOOKUP(B51,Table1[],4)) -> #N/A | M51: 1 | N51: =IF(L51="timber",B51,"") -> #N/A | O51: =IF(D51="y",B51,"") | P51: =IF(F51="y",B51,"") | Q51: =IF(B51="","",ISNUMBER(FIND("Dead wood",B51:B930))) | R51: 1
A52: ='PSP Data'!A55 -> 0 | B52: =IF('PSP Data'!B55=0,"",'PSP Data'!B55) | C52: ='PSP Data'!C55 -> 0 | D52: ='PSP Data'!D55 -> 0 | E52: ='PSP Data'!E55 -> 0 | F52: ='PSP Data'!F55 -> 0 | G52: ='PSP Data'!G55 -> 0 | H52: ='PSP Data'!H55 -> 0 | I52: ='PSP Data'!I55 -> 0 | J52: =IF(C52>=25,C52,#N/A) -> #N/A | K52: =IF(AND((A52<'PSP Data'!$C$11),(A52<>0)),Analysis!C52,#N/A) -> #N/A | L52: =IF(VLOOKUP(B52,Table1[],4)=0,"unknown", VLOOKUP(B52,Table1[],4)) -> #N/A | M52: 1 | N52: =IF(L52="timber",B52,"") -> #N/A | O52: =IF(D52="y",B52,"") | P52: =IF(F52="y",B52,"") | Q52: =IF(B52="","",ISNUMBER(FIND("Dead wood",B52:B931))) | R52: 1
A53: ='PSP Data'!A56 -> 0 | B53: =IF('PSP Data'!B56=0,"",'PSP Data'!B56) | C53: ='PSP Data'!C56 -> 0 | D53: ='PSP Data'!D56 -> 0 | E53: ='PSP Data'!E56 -> 0 | F53: ='PSP Data'!F56 -> 0 | G53: ='PSP Data'!G56 -> 0 | H53: ='PSP Data'!H56 -> 0 | I53: ='PSP Data'!I56 -> 0 | J53: =IF(C53>=25,C53,#N/A) -> #N/A | K53: =IF(AND((A53<'PSP Data'!$C$11),(A53<>0)),Analysis!C53,#N/A) -> #N/A | L53: =IF(VLOOKUP(B53,Table1[],4)=0,"unknown", VLOOKUP(B53,Table1[],4)) -> #N/A | M53: 1 | N53: =IF(L53="timber",B53,"") -> #N/A | O53: =IF(D53="y",B53,"") | P53: =IF(F53="y",B53,"") | Q53: =IF(B53="","",ISNUMBER(FIND("Dead wood",B53:B932))) | R53: 1
A54: ='PSP Data'!A57 -> 0 | B54: =IF('PSP Data'!B57=0,"",'PSP Data'!B57) | C54: ='PSP Data'!C57 -> 0 | D54: ='PSP Data'!D57 -> 0 | E54: ='PSP Data'!E57 -> 0 | F54: ='PSP Data'!F57 -> 0 | G54: ='PSP Data'!G57 -> 0 | H54: ='PSP Data'!H57 -> 0 | I54: ='PSP Data'!I57 -> 0 | J54: =IF(C54>=25,C54,#N/A) -> #N/A | K54: =IF(AND((A54<'PSP Data'!$C$11),(A54<>0)),Analysis!C54,#N/A) -> #N/A | L54: =IF(VLOOKUP(B54,Table1[],4)=0,"unknown", VLOOKUP(B54,Table1[],4)) -> #N/A | M54: 1 | N54: =IF(L54="timber",B54,"") -> #N/A | O54: =IF(D54="y",B54,"") | P54: =IF(F54="y",B54,"") | Q54: =IF(B54="","",ISNUMBER(FIND("Dead wood",B54:B933))) | R54: 1
A55: ='PSP Data'!A58 -> 0 | B55: =IF('PSP Data'!B58=0,"",'PSP Data'!B58) | C55: ='PSP Data'!C58 -> 0 | D55: ='PSP Data'!D58 -> 0 | E55: ='PSP Data'!E58 -> 0 | F55: ='PSP Data'!F58 -> 0 | G55: ='PSP Data'!G58 -> 0 | H55: ='PSP Data'!H58 -> 0 | I55: ='PSP Data'!I58 -> 0 | J55: =IF(C55>=25,C55,#N/A) -> #N/A | K55: =IF(AND((A55<'PSP Data'!$C$11),(A55<>0)),Analysis!C55,#N/A) -> #N/A | L55: =IF(VLOOKUP(B55,Table1[],4)=0,"unknown", VLOOKUP(B55,Table1[],4)) -> #N/A | M55: 1 | N55: =IF(L55="timber",B55,"") -> #N/A | O55: =IF(D55="y",B55,"") | P55: =IF(F55="y",B55,"") | Q55: =IF(B55="","",ISNUMBER(FIND("Dead wood",B55:B934))) | R55: 1
A56: ='PSP Data'!A59 -> 0 | B56: =IF('PSP Data'!B59=0,"",'PSP Data'!B59) | C56: ='PSP Data'!C59 -> 0 | D56: ='PSP Data'!D59 -> 0 | E56: ='PSP Data'!E59 -> 0 | F56: ='PSP Data'!F59 -> 0 | G56: ='PSP Data'!G59 -> 0 | H56: ='PSP Data'!H59 -> 0 | I56: ='PSP Data'!I59 -> 0 | J56: =IF(C56>=25,C56,#N/A) -> #N/A | K56: =IF(AND((A56<'PSP Data'!$C$11),(A56<>0)),Analysis!C56,#N/A) -> #N/A | L56: =IF(VLOOKUP(B56,Table1[],4)=0,"unknown", VLOOKUP(B56,Table1[],4)) -> #N/A | M56: 1 | N56: =IF(L56="timber",B56,"") -> #N/A | O56: =IF(D56="y",B56,"") | P56: =IF(F56="y",B56,"") | Q56: =IF(B56="","",ISNUMBER(FIND("Dead wood",B56:B935))) | R56: 1
... A651: ='PSP Data'!A654 -> 0 | B651: =IF('PSP Data'!B654=0,"",'PSP Data'!B654) | C651: ='PSP Data'!C654 -> 0 | D651: ='PSP Data'!D654 -> 0 | E651: ='PSP Data'!E654 -> 0 | F651: ='PSP Data'!F654 -> 0 | G651: ='PSP Data'!G654 -> 0 | H651: ='PSP Data'!H654 -> 0 | I651: ='PSP Data'!I654 -> 0 | J651: =IF(C651>=25,C651,#N/A) -> #N/A | K651: =IF(AND((A651<'PSP Data'!$C$11),(A651<>0)),Analysis!C651,#N/A) -> #N/A | L651: =IF(VLOOKUP(B651,Table1[],4)=0,"unknown", VLOOKUP(B651,Table1[],4)) -> #N/A | M651: 1 | N651: =IF(L651="timber",B651,"") -> #N/A | O651: =IF(D651="y",B651,"") | P651: =IF(F651="y",B651,"") | Q651: =IF(B651="","",ISNUMBER(FIND("Dead wood",B651:B1530))) | R651: 1
A652: ='PSP Data'!A704 -> 0 | B652: =IF('PSP Data'!B655=0,"",'PSP Data'!B655) | C652: ='PSP Data'!C655 -> 0 | D652: ='PSP Data'!D655 -> 0 | E652: ='PSP Data'!E655 -> 0 | F652: ='PSP Data'!F655 -> 0 | G652: ='PSP Data'!G655 -> 0 | H652: ='PSP Data'!H655 -> 0 | I652: ='PSP Data'!I655 -> 0 | J652: =IF(C652>=25,C652,#N/A) -> #N/A | K652: =IF(AND((A652<'PSP Data'!$C$11),(A652<>0)),Analysis!C652,#N/A) -> #N/A | L652: =IF(VLOOKUP(B652,Table1[],4)=0,"unknown", VLOOKUP(B652,Table1[],4)) -> #N/A | M652: 1 | N652: =IF(L652="timber",B652,"") -> #N/A | O652: =IF(D652="y",B652,"") | P652: =IF(F652="y",B652,"") | Q652: =IF(B652="","",ISNUMBER(FIND("Dead wood",B652:B1531))) | R652: 1
A653: ='PSP Data'!A656 -> 0 | B653: =IF('PSP Data'!B656=0,"",'PSP Data'!B656) | C653: ='PSP Data'!C656 -> 0 | D653: ='PSP Data'!D656 -> 0 | E653: ='PSP Data'!E656 -> 0 | F653: ='PSP Data'!F656 -> 0 | G653: ='PSP Data'!G656 -> 0 | H653: ='PSP Data'!H656 -> 0 | I653: ='PSP Data'!I656 -> 0 | J653: =IF(C653>=25,C653,#N/A) -> #N/A | K653: =IF(AND((A653<'PSP Data'!$C$11),(A653<>0)),Analysis!C653,#N/A) -> #N/A | L653: =IF(VLOOKUP(B653,Table1[],4)=0,"unknown", VLOOKUP(B653,Table1[],4)) -> #N/A | M653: 1 | N653: =IF(L653="timber",B653,"") -> #N/A | O653: =IF(D653="y",B653,"") | P653: =IF(F653="y",B653,"") | Q653: =IF(B653="","",ISNUMBER(FIND("Dead wood",B653:B1532))) | R653: 1
A654: ='PSP Data'!A657 -> 0 | B654: =IF('PSP Data'!B657=0,"",'PSP Data'!B657) | C654: ='PSP Data'!C657 -> 0 | D654: ='PSP Data'!D657 -> 0 | E654: ='PSP Data'!E657 -> 0 | F654: ='PSP Data'!F657 -> 0 | G654: ='PSP Data'!G657 -> 0 | H654: ='PSP Data'!H657 -> 0 | I654: ='PSP Data'!I657 -> 0 | J654: =IF(C654>=25,C654,#N/A) -> #N/A | K654: =IF(AND((A654<'PSP Data'!$C$11),(A654<>0)),Analysis!C654,#N/A) -> #N/A | L654: =IF(VLOOKUP(B654,Table1[],4)=0,"unknown", VLOOKUP(B654,Table1[],4)) -> #N/A | M654: 1 | N654: =IF(L654="timber",B654,"") -> #N/A | O654: =IF(D654="y",B654,"") | P654: =IF(F654="y",B654,"") | Q654: =IF(B654="","",ISNUMBER(FIND("Dead wood",B654:B1533))) | R654: 1
A655: ='PSP Data'!A658 -> 0 | B655: =IF('PSP Data'!B658=0,"",'PSP Data'!B658) | C655: ='PSP Data'!C658 -> 0 | D655: ='PSP Data'!D658 -> 0 | E655: ='PSP Data'!E658 -> 0 | F655: ='PSP Data'!F658 -> 0 | G655: ='PSP Data'!G658 -> 0 | H655: ='PSP Data'!H658 -> 0 | I655: ='PSP Data'!I658 -> 0 | J655: =IF(C655>=25,C655,#N/A) -> #N/A | K655: =IF(AND((A655<'PSP Data'!$C$11),(A655<>0)),Analysis!C655,#N/A) -> #N/A | L655: =IF(VLOOKUP(B655,Table1[],4)=0,"unknown", VLOOKUP(B655,Table1[],4)) -> #N/A | M655: 1 | N655: =IF(L655="timber",B655,"") -> #N/A | O655: =IF(D655="y",B655,"") | P655: =IF(F655="y",B655,"") | Q655: =IF(B655="","",ISNUMBER(FIND("Dead wood",B655:B1534))) | R655: 1
A656: ='PSP Data'!A659 -> 0 | B656: =IF('PSP Data'!B659=0,"",'PSP Data'!B659) | C656: ='PSP Data'!C659 -> 0 | D656: ='PSP Data'!D659 -> 0 | E656: ='PSP Data'!E659 -> 0 | F656: ='PSP Data'!F659 -> 0 | G656: ='PSP Data'!G659 -> 0 | H656: ='PSP Data'!H659 -> 0 | I656: ='PSP Data'!I659 -> 0 | J656: =IF(C656>=25,C656,#N/A) -> #N/A | K656: =IF(AND((A656<'PSP Data'!$C$11),(A656<>0)),Analysis!C656,#N/A) -> #N/A | L656: =IF(VLOOKUP(B656,Table1[],4)=0,"unknown", VLOOKUP(B656,Table1[],4)) -> #N/A | M656: 1 | N656: =IF(L656="timber",B656,"") -> #N/A | O656: =IF(D656="y",B656,"") | P656: =IF(F656="y",B656,"") | Q656: =IF(B656="","",ISNUMBER(FIND("Dead wood",B656:B1535))) | R656: 1
A657: ='PSP Data'!A660 -> 0 | B657: =IF('PSP Data'!B660=0,"",'PSP Data'!B660) | C657: ='PSP Data'!C660 -> 0 | D657: ='PSP Data'!D660 -> 0 | E657: ='PSP Data'!E660 -> 0 | F657: ='PSP Data'!F660 -> 0 | G657: ='PSP Data'!G660 -> 0 | H657: ='PSP Data'!H660 -> 0 | I657: ='PSP Data'!I660 -> 0 | J657: =IF(C657>=25,C657,#N/A) -> #N/A | K657: =IF(AND((A657<'PSP Data'!$C$11),(A657<>0)),Analysis!C657,#N/A) -> #N/A | L657: =IF(VLOOKUP(B657,Table1[],4)=0,"unknown", VLOOKUP(B657,Table1[],4)) -> #N/A | M657: 1 | N657: =IF(L657="timber",B657,"") -> #N/A | O657: =IF(D657="y",B657,"") | P657: =IF(F657="y",B657,"") | Q657: =IF(B657="","",ISNUMBER(FIND("Dead wood",B657:B1536))) | R657: 1
A658: ='PSP Data'!A661 -> 0 | B658: =IF('PSP Data'!B661=0,"",'PSP Data'!B661) | C658: ='PSP Data'!C661 -> 0 | D658: ='PSP Data'!D661 -> 0 | E658: ='PSP Data'!E661 -> 0 | F658: ='PSP Data'!F661 -> 0 | G658: ='PSP Data'!G661 -> 0 | H658: ='PSP Data'!H661 -> 0 | I658: ='PSP Data'!I661 -> 0 | J658: =IF(C658>=25,C658,#N/A) -> #N/A | K658: =IF(AND((A658<'PSP Data'!$C$11),(A658<>0)),Analysis!C658,#N/A) -> #N/A | L658: =IF(VLOOKUP(B658,Table1[],4)=0,"unknown", VLOOKUP(B658,Table1[],4)) -> #N/A | M658: 1 | N658: =IF(L658="timber",B658,"") -> #N/A | O658: =IF(D658="y",B658,"") | P658: =IF(F658="y",B658,"") | Q658: =IF(B658="","",ISNUMBER(FIND("Dead wood",B658:B1537))) | R658: 1
A659: ='PSP Data'!A662 -> 0 | B659: =IF('PSP Data'!B662=0,"",'PSP Data'!B662) | C659: ='PSP Data'!C662 -> 0 | D659: ='PSP Data'!D662 -> 0 | E659: ='PSP Data'!E662 -> 0 | F659: ='PSP Data'!F662 -> 0 | G659: ='PSP Data'!G662 -> 0 | H659: ='PSP Data'!H662 -> 0 | I659: ='PSP Data'!I662 -> 0 | J659: =IF(C659>=25,C659,#N/A) -> #N/A | K659: =IF(AND((A659<'PSP Data'!$C$11),(A659<>0)),Analysis!C659,#N/A) -> #N/A | L659: =IF(VLOOKUP(B659,Table1[],4)=0,"unknown", VLOOKUP(B659,Table1[],4)) -> #N/A | M659: 1 | N659: =IF(L659="timber",B659,"") -> #N/A | O659: =IF(D659="y",B659,"") | P659: =IF(F659="y",B659,"") | Q659: =IF(B659="","",ISNUMBER(FIND("Dead wood",B659:B1538))) | R659: 1
A660: ='PSP Data'!A663 -> 0 | B660: =IF('PSP Data'!B663=0,"",'PSP Data'!B663) | C660: ='PSP Data'!C663 -> 0 | D660: ='PSP Data'!D663 -> 0 | E660: ='PSP Data'!E663 -> 0 | F660: ='PSP Data'!F663 -> 0 | G660: ='PSP Data'!G663 -> 0 | H660: ='PSP Data'!H663 -> 0 | I660: ='PSP Data'!I663 -> 0 | J660: =IF(C660>=25,C660,#N/A) -> #N/A | K660: =IF(AND((A660<'PSP Data'!$C$11),(A660<>0)),Analysis!C660,#N/A) -> #N/A | L660: =IF(VLOOKUP(B660,Table1[],4)=0,"unknown", VLOOKUP(B660,Table1[],4)) -> #N/A | M660: 1 | N660: =IF(L660="timber",B660,"") -> #N/A | O660: =IF(D660="y",B660,"") | P660: =IF(F660="y",B660,"") | Q660: =IF(B660="","",ISNUMBER(FIND("Dead wood",B660:B1539))) | R660: 1
A661: ='PSP Data'!A664 -> 0 | B661: =IF('PSP Data'!B664=0,"",'PSP Data'!B664) | C661: ='PSP Data'!C664 -> 0 | D661: ='PSP Data'!D664 -> 0 | E661: ='PSP Data'!E664 -> 0 | F661: ='PSP Data'!F664 -> 0 | G661: ='PSP Data'!G664 -> 0 | H661: ='PSP Data'!H664 -> 0 | I661: ='PSP Data'!I664 -> 0 | J661: =IF(C661>=25,C661,#N/A) -> #N/A | K661: =IF(AND((A661<'PSP Data'!$C$11),(A661<>0)),Analysis!C661,#N/A) -> #N/A | L661: =IF(VLOOKUP(B661,Table1[],4)=0,"unknown", VLOOKUP(B661,Table1[],4)) -> #N/A | M661: 1 | N661: =IF(L661="timber",B661,"") -> #N/A | O661: =IF(D661="y",B661,"") | P661: =IF(F661="y",B661,"") | Q661: =IF(B661="","",ISNUMBER(FIND("Dead wood",B661:B1540))) | R661: 1
A662: ='PSP Data'!A665 -> 0 | B662: =IF('PSP Data'!B665=0,"",'PSP Data'!B665) | C662: ='PSP Data'!C665 -> 0 | D662: ='PSP Data'!D665 -> 0 | E662: ='PSP Data'!E665 -> 0 | F662: ='PSP Data'!F665 -> 0 | G662: ='PSP Data'!G665 -> 0 | H662: ='PSP Data'!H665 -> 0 | I662: ='PSP Data'!I665 -> 0 | J662: =IF(C662>=25,C662,#N/A) -> #N/A | K662: =IF(AND((A662<'PSP Data'!$C$11),(A662<>0)),Analysis!C662,#N/A) -> #N/A | L662: =IF(VLOOKUP(B662,Table1[],4)=0,"unknown", VLOOKUP(B662,Table1[],4)) -> #N/A | M662: 1 | N662: =IF(L662="timber",B662,"") -> #N/A | O662: =IF(D662="y",B662,"") | P662: =IF(F662="y",B662,"") | Q662: =IF(B662="","",ISNUMBER(FIND("Dead wood",B662:B1541))) | R662: 1
A663: ='PSP Data'!A666 -> 0 | B663: =IF('PSP Data'!B666=0,"",'PSP Data'!B666) | C663: ='PSP Data'!C666 -> 0 | D663: ='PSP Data'!D666 -> 0 | E663: ='PSP Data'!E666 -> 0 | F663: ='PSP Data'!F666 -> 0 | G663: ='PSP Data'!G666 -> 0 | H663: ='PSP Data'!H666 -> 0 | I663: ='PSP Data'!I666 -> 0 | J663: =IF(C663>=25,C663,#N/A) -> #N/A | K663: =IF(AND((A663<'PSP Data'!$C$11),(A663<>0)),Analysis!C663,#N/A) -> #N/A | L663: =IF(VLOOKUP(B663,Table1[],4)=0,"unknown", VLOOKUP(B663,Table1[],4)) -> #N/A | M663: 1 | N663: =IF(L663="timber",B663,"") -> #N/A | O663: =IF(D663="y",B663,"") | P663: =IF(F663="y",B663,"") | Q663: =IF(B663="","",ISNUMBER(FIND("Dead wood",B663:B1542))) | R663: 1
A664: ='PSP Data'!A667 -> 0 | B664: =IF('PSP Data'!B667=0,"",'PSP Data'!B667) | C664: ='PSP Data'!C667 -> 0 | D664: ='PSP Data'!D667 -> 0 | E664: ='PSP Data'!E667 -> 0 | F664: ='PSP Data'!F667 -> 0 | G664: ='PSP Data'!G667 -> 0 | H664: ='PSP Data'!H667 -> 0 | I664: ='PSP Data'!I667 -> 0 | J664: =IF(C664>=25,C664,#N/A) -> #N/A | K664: =IF(AND((A664<'PSP Data'!$C$11),(A664<>0)),Analysis!C664,#N/A) -> #N/A | L664: =IF(VLOOKUP(B664,Table1[],4)=0,"unknown", VLOOKUP(B664,Table1[],4)) -> #N/A | M664: 1 | N664: =IF(L664="timber",B664,"") -> #N/A | O664: =IF(D664="y",B664,"") | P664: =IF(F664="y",B664,"") | Q664: =IF(B664="","",ISNUMBER(FIND("Dead wood",B664:B1543))) | R664: 1
... A700: ='PSP Data'!A703 -> 0 | B700: =IF('PSP Data'!B703=0,"",'PSP Data'!B703) | C700: ='PSP Data'!C703 -> 0 | D700: ='PSP Data'!D703 -> 0 | E700: ='PSP Data'!E703 -> 0 | F700: ='PSP Data'!F703 -> 0 | G700: ='PSP Data'!G703 -> 0 | H700: ='PSP Data'!H703 -> 0 | I700: ='PSP Data'!I703 -> 0 | J700: =IF(C700>=25,C700,#N/A) -> #N/A | K700: =IF(AND((A700<'PSP Data'!$C$11),(A700<>0)),Analysis!C700,#N/A) -> #N/A | L700: =IF(VLOOKUP(B700,Table1[],4)=0,"unknown", VLOOKUP(B700,Table1[],4)) -> #N/A | M700: 1 | N700: =IF(L700="timber",B700,"") -> #N/A | O700: =IF(D700="y",B700,"") | P700: =IF(F700="y",B700,"") | Q700: =IF(B700="","",ISNUMBER(FIND("Dead wood",B700:B1579))) | R700: 1
A701: ='PSP Data'!#REF! -> #REF! | B701: =IF('PSP Data'!B704=0,"",'PSP Data'!B704) | C701: ='PSP Data'!C704 -> 0 | D701: ='PSP Data'!D704 -> 0 | E701: ='PSP Data'!E704 -> 0 | F701: ='PSP Data'!F704 -> 0 | G701: ='PSP Data'!G704 -> 0 | H701: ='PSP Data'!H704 -> 0 | I701: ='PSP Data'!I704 -> 0 | J701: =IF(C701>=25,C701,#N/A) -> #N/A | K701: =IF(AND((A701<'PSP Data'!$C$11),(A701<>0)),Analysis!C701,#N/A) -> #REF! | L701: =IF(VLOOKUP(B701,Table1[],4)=0,"unknown", VLOOKUP(B701,Table1[],4)) -> #N/A | M701: 1 | N701: =IF(L701="timber",B701,"") -> #N/A | O701: =IF(D701="y",B701,"") | P701: =IF(F701="y",B701,"") | Q701: =IF(B701="","",ISNUMBER(FIND("Dead wood",B701:B1580))) | R701: 1
A702: ='PSP Data'!A705 -> 0 | B702: =IF('PSP Data'!B705=0,"",'PSP Data'!B705) | C702: ='PSP Data'!C705 -> 0 | D702: ='PSP Data'!D705 -> 0 | E702: ='PSP Data'!E705 -> 0 | F702: ='PSP Data'!F705 -> 0 | G702: ='PSP Data'!G705 -> 0 | H702: ='PSP Data'!H705 -> 0 | I702: ='PSP Data'!I705 -> 0 | J702: =IF(C702>=25,C702,#N/A) -> #N/A | K702: =IF(AND((A702<'PSP Data'!$C$11),(A702<>0)),Analysis!C702,#N/A) -> #N/A | L702: =IF(VLOOKUP(B702,Table1[],4)=0,"unknown", VLOOKUP(B702,Table1[],4)) -> #N/A | M702: 1 | N702: =IF(L702="timber",B702,"") -> #N/A | O702: =IF(D702="y",B702,"") | P702: =IF(F702="y",B702,"") | Q702: =IF(B702="","",ISNUMBER(FIND("Dead wood",B702:B1581))) | R702: 1
A703: ='PSP Data'!A706 -> 0 | B703: =IF('PSP Data'!B706=0,"",'PSP Data'!B706) | C703: ='PSP Data'!C706 -> 0 | D703: ='PSP Data'!D706 -> 0 | E703: ='PSP Data'!E706 -> 0 | F703: ='PSP Data'!F706 -> 0 | G703: ='PSP Data'!G706 -> 0 | H703: ='PSP Data'!H706 -> 0 | I703: ='PSP Data'!I706 -> 0 | J703: =IF(C703>=25,C703,#N/A) -> #N/A | K703: =IF(AND((A703<'PSP Data'!$C$11),(A703<>0)),Analysis!C703,#N/A) -> #N/A | L703: =IF(VLOOKUP(B703,Table1[],4)=0,"unknown", VLOOKUP(B703,Table1[],4)) -> #N/A | M703: 1 | N703: =IF(L703="timber",B703,"") -> #N/A | O703: =IF(D703="y",B703,"") | P703: =IF(F703="y",B703,"") | Q703: =IF(B703="","",ISNUMBER(FIND("Dead wood",B703:B1582))) | R703: 1
A704: ='PSP Data'!A707 -> 0 | B704: =IF('PSP Data'!B707=0,"",'PSP Data'!B707) | C704: ='PSP Data'!C707 -> 0 | D704: ='PSP Data'!D707 -> 0 | E704: ='PSP Data'!E707 -> 0 | F704: ='PSP Data'!F707 -> 0 | G704: ='PSP Data'!G707 -> 0 | H704: ='PSP Data'!H707 -> 0 | I704: ='PSP Data'!I707 -> 0 | J704: =IF(C704>=25,C704,#N/A) -> #N/A | K704: =IF(AND((A704<'PSP Data'!$C$11),(A704<>0)),Analysis!C704,#N/A) -> #N/A | L704: =IF(VLOOKUP(B704,Table1[],4)=0,"unknown", VLOOKUP(B704,Table1[],4)) -> #N/A | M704: 1 | N704: =IF(L704="timber",B704,"") -> #N/A | O704: =IF(D704="y",B704,"") | P704: =IF(F704="y",B704,"") | Q704: =IF(B704="","",ISNUMBER(FIND("Dead wood",B704:B1583))) | R704: 1
A705: ='PSP Data'!A708 -> 0 | B705: =IF('PSP Data'!B708=0,"",'PSP Data'!B708) | C705: ='PSP Data'!C708 -> 0 | D705: ='PSP Data'!D708 -> 0 | E705: ='PSP Data'!E708 -> 0 | F705: ='PSP Data'!F708 -> 0 | G705: ='PSP Data'!G708 -> 0 | H705: ='PSP Data'!H708 -> 0 | I705: ='PSP Data'!I708 -> 0 | J705: =IF(C705>=25,C705,#N/A) -> #N/A | K705: =IF(AND((A705<'PSP Data'!$C$11),(A705<>0)),Analysis!C705,#N/A) -> #N/A | L705: =IF(VLOOKUP(B705,Table1[],4)=0,"unknown", VLOOKUP(B705,Table1[],4)) -> #N/A | M705: 1 | N705: =IF(L705="timber",B705,"") -> #N/A | O705: =IF(D705="y",B705,"") | P705: =IF(F705="y",B705,"") | Q705: =IF(B705="","",ISNUMBER(FIND("Dead wood",B705:B1584))) | R705: 1
A706: ='PSP Data'!A709 -> 0 | B706: =IF('PSP Data'!B709=0,"",'PSP Data'!B709) | C706: ='PSP Data'!C709 -> 0 | D706: ='PSP Data'!D709 -> 0 | E706: ='PSP Data'!E709 -> 0 | F706: ='PSP Data'!F709 -> 0 | G706: ='PSP Data'!G709 -> 0 | H706: ='PSP Data'!H709 -> 0 | I706: ='PSP Data'!I709 -> 0 | J706: =IF(C706>=25,C706,#N/A) -> #N/A | K706: =IF(AND((A706<'PSP Data'!$C$11),(A706<>0)),Analysis!C706,#N/A) -> #N/A | L706: =IF(VLOOKUP(B706,Table1[],4)=0,"unknown", VLOOKUP(B706,Table1[],4)) -> #N/A | M706: 1 | N706: =IF(L706="timber",B706,"") -> #N/A | O706: =IF(D706="y",B706,"") | P706: =IF(F706="y",B706,"") | Q706: =IF(B706="","",ISNUMBER(FIND("Dead wood",B706:B1585))) | R706: 1
A707: ='PSP Data'!A710 -> 0 | B707: =IF('PSP Data'!B710=0,"",'PSP Data'!B710) | C707: ='PSP Data'!C710 -> 0 | D707: ='PSP Data'!D710 -> 0 | E707: ='PSP Data'!E710 -> 0 | F707: ='PSP Data'!F710 -> 0 | G707: ='PSP Data'!G710 -> 0 | H707: ='PSP Data'!H710 -> 0 | I707: ='PSP Data'!I710 -> 0 | J707: =IF(C707>=25,C707,#N/A) -> #N/A | K707: =IF(AND((A707<'PSP Data'!$C$11),(A707<>0)),Analysis!C707,#N/A) -> #N/A | L707: =IF(VLOOKUP(B707,Table1[],4)=0,"unknown", VLOOKUP(B707,Table1[],4)) -> #N/A | M707: 1 | N707: =IF(L707="timber",B707,"") -> #N/A | O707: =IF(D707="y",B707,"") | P707: =IF(F707="y",B707,"") | Q707: =IF(B707="","",ISNUMBER(FIND("Dead wood",B707:B1586))) | R707: 1
A708: ='PSP Data'!A711 -> 0 | B708: =IF('PSP Data'!B711=0,"",'PSP Data'!B711) | C708: ='PSP Data'!C711 -> 0 | D708: ='PSP Data'!D711 -> 0 | E708: ='PSP Data'!E711 -> 0 | F708: ='PSP Data'!F711 -> 0 | G708: ='PSP Data'!G711 -> 0 | H708: ='PSP Data'!H711 -> 0 | I708: ='PSP Data'!I711 -> 0 | J708: =IF(C708>=25,C708,#N/A) -> #N/A | K708: =IF(AND((A708<'PSP Data'!$C$11),(A708<>0)),Analysis!C708,#N/A) -> #N/A | L708: =IF(VLOOKUP(B708,Table1[],4)=0,"unknown", VLOOKUP(B708,Table1[],4)) -> #N/A | M708: 1 | N708: =IF(L708="timber",B708,"") -> #N/A | O708: =IF(D708="y",B708,"") | P708: =IF(F708="y",B708,"") | Q708: =IF(B708="","",ISNUMBER(FIND("Dead wood",B708:B1587))) | R708: 1
A709: ='PSP Data'!A712 -> 0 | B709: =IF('PSP Data'!B712=0,"",'PSP Data'!B712) | C709: ='PSP Data'!C712 -> 0 | D709: ='PSP Data'!D712 -> 0 | E709: ='PSP Data'!E712 -> 0 | F709: ='PSP Data'!F712 -> 0 | G709: ='PSP Data'!G712 -> 0 | H709: ='PSP Data'!H712 -> 0 | I709: ='PSP Data'!I712 -> 0 | J709: =IF(C709>=25,C709,#N/A) -> #N/A | K709: =IF(AND((A709<'PSP Data'!$C$11),(A709<>0)),Analysis!C709,#N/A) -> #N/A | L709: =IF(VLOOKUP(B709,Table1[],4)=0,"unknown", VLOOKUP(B709,Table1[],4)) -> #N/A | M709: 1 | N709: =IF(L709="timber",B709,"") -> #N/A | O709: =IF(D709="y",B709,"") | P709: =IF(F709="y",B709,"") | Q709: =IF(B709="","",ISNUMBER(FIND("Dead wood",B709:B1588))) | R709: 1
A710: ='PSP Data'!A713 -> 0 | B710: =IF('PSP Data'!B713=0,"",'PSP Data'!B713) | C710: ='PSP Data'!C713 -> 0 | D710: ='PSP Data'!D713 -> 0 | E710: ='PSP Data'!E713 -> 0 | F710: ='PSP Data'!F713 -> 0 | G710: ='PSP Data'!G713 -> 0 | H710: ='PSP Data'!H713 -> 0 | I710: ='PSP Data'!I713 -> 0 | J710: =IF(C710>=25,C710,#N/A) -> #N/A | K710: =IF(AND((A710<'PSP Data'!$C$11),(A710<>0)),Analysis!C710,#N/A) -> #N/A | L710: =IF(VLOOKUP(B710,Table1[],4)=0,"unknown", VLOOKUP(B710,Table1[],4)) -> #N/A | M710: 1 | N710: =IF(L710="timber",B710,"") -> #N/A | O710: =IF(D710="y",B710,"") | P710: =IF(F710="y",B710,"") | Q710: =IF(B710="","",ISNUMBER(FIND("Dead wood",B710:B1589))) | R710: 1
A711: ='PSP Data'!A714 -> 0 | B711: =IF('PSP Data'!B714=0,"",'PSP Data'!B714) | C711: ='PSP Data'!C714 -> 0 | D711: ='PSP Data'!D714 -> 0 | E711: ='PSP Data'!E714 -> 0 | F711: ='PSP Data'!F714 -> 0 | G711: ='PSP Data'!G714 -> 0 | H711: ='PSP Data'!H714 -> 0 | I711: ='PSP Data'!I714 -> 0 | J711: =IF(C711>=25,C711,#N/A) -> #N/A | K711: =IF(AND((A711<'PSP Data'!$C$11),(A711<>0)),Analysis!C711,#N/A) -> #N/A | L711: =IF(VLOOKUP(B711,Table1[],4)=0,"unknown", VLOOKUP(B711,Table1[],4)) -> #N/A | M711: 1 | N711: =IF(L711="timber",B711,"") -> #N/A | O711: =IF(D711="y",B711,"") | P711: =IF(F711="y",B711,"") | Q711: =IF(B711="","",ISNUMBER(FIND("Dead wood",B711:B1590))) | R711: 1
A712: ='PSP Data'!A715 -> 0 | B712: =IF('PSP Data'!B715=0,"",'PSP Data'!B715) | C712: ='PSP Data'!C715 -> 0 | D712: ='PSP Data'!D715 -> 0 | E712: ='PSP Data'!E715 -> 0 | F712: ='PSP Data'!F715 -> 0 | G712: ='PSP Data'!G715 -> 0 | H712: ='PSP Data'!H715 -> 0 | I712: ='PSP Data'!I715 -> 0 | J712: =IF(C712>=25,C712,#N/A) -> #N/A | K712: =IF(AND((A712<'PSP Data'!$C$11),(A712<>0)),Analysis!C712,#N/A) -> #N/A | L712: =IF(VLOOKUP(B712,Table1[],4)=0,"unknown", VLOOKUP(B712,Table1[],4)) -> #N/A | M712: 1 | N712: =IF(L712="timber",B712,"") -> #N/A | O712: =IF(D712="y",B712,"") | P712: =IF(F712="y",B712,"") | Q712: =IF(B712="","",ISNUMBER(FIND("Dead wood",B712:B1591))) | R712: 1
A713: ='PSP Data'!A716 -> 0 | B713: =IF('PSP Data'!B716=0,"",'PSP Data'!B716) | C713: ='PSP Data'!C716 -> 0 | D713: ='PSP Data'!D716 -> 0 | E713: ='PSP Data'!E716 -> 0 | F713: ='PSP Data'!F716 -> 0 | G713: ='PSP Data'!G716 -> 0 | H713: ='PSP Data'!H716 -> 0 | I713: ='PSP Data'!I716 -> 0 | J713: =IF(C713>=25,C713,#N/A) -> #N/A | K713: =IF(AND((A713<'PSP Data'!$C$11),(A713<>0)),Analysis!C713,#N/A) -> #N/A | L713: =IF(VLOOKUP(B713,Table1[],4)=0,"unknown", VLOOKUP(B713,Table1[],4)) -> #N/A | M713: 1 | N713: =IF(L713="timber",B713,"") -> #N/A | O713: =IF(D713="y",B713,"") | P713: =IF(F713="y",B713,"") | Q713: =IF(B713="","",ISNUMBER(FIND("Dead wood",B713:B1592))) | R713: 1
... A900: ='PSP Data'!A903 -> 0 | B900: =IF('PSP Data'!B903=0,"",'PSP Data'!B903) | C900: ='PSP Data'!C903 -> 0 | D900: ='PSP Data'!D903 -> 0 | E900: ='PSP Data'!E903 -> 0 | F900: ='PSP Data'!F903 -> 0 | G900: ='PSP Data'!G903 -> 0 | H900: ='PSP Data'!H903 -> 0 | I900: ='PSP Data'!I903 -> 0 | J900: =IF(C900>=25,C900,#N/A) -> #N/A | K900: =IF(AND((A900<'PSP Data'!$C$11),(A900<>0)),Analysis!C900,#N/A) -> #N/A | L900: =IF(VLOOKUP(B900,Table1[],4)=0,"unknown", VLOOKUP(B900,Table1[],4)) -> #N/A | M900: 1 | N900: =IF(L900="timber",B900,"") -> #N/A | O900: =IF(D900="y",B900,"") | P900: =IF(F900="y",B900,"") | Q900: =IF(B900="","",ISNUMBER(FIND("Dead wood",B900:B1779))) | R900: 1

Sheet Lists
A1: Scientific name | B1: Popular name | C1: Lookup name | D1: Category | F1: Tree Category | H1: Binary | J1: Dead Wood Classes | K1: Description [Winrock 2013] - The machete test consists of raising the machete up to shoulder height and allowing it come down to the dead wood piece with the force of gravity. No additional force should be applied to the motion of the machete.
A2: Acacia collinsi | B2: cockspur | C2: =Table1[[#This Row],[Scientific name]]&" ("&Table1[[#This Row],[Popular name]]&")" -> Acacia collinsi (cockspur) | D2: habitat | F2: habitat | H2: y | J2: sound | K2: If the machete does not sink into the piece (bounces off), classify it as sound.
A3: Acoelorraphe wrightii | B3: Palmeto | C3: =Table1[[#This Row],[Scientific name]]&" ("&Table1[[#This Row],[Popular name]]&")" -> Acoelorraphe wrightii (Palmeto) | D3: habitat | F3: timber | H3: n | J3: intermediate | K3: If the machete sinks partly into the piece, and there has been some wood loss, classify it as intermediate.
A4: Aspidosperma cruentum | B4: My lady | C4: =Table1[[#This Row],[Scientific name]]&" ("&Table1[[#This Row],[Popular name]]&")" -> Aspidosperma cruentum (My lady) | D4: timber | F4: medicinal | J4: rotten | K4: If the machete sticks into the piece, if there is more extensive wood loss, and the piece is crumbly, classify as rotten.
A5: Astoronium graveolens | B5: Jobillo | C5: =Table1[[#This Row],[Scientific name]]&" ("&Table1[[#This Row],[Popular name]]&")" -> Astoronium graveolens (Jobillo) | D5: habitat
A6: Astronium graveolens | B6: Jobillo | C6: =Table1[[#This Row],[Scientific name]]&" ("&Table1[[#This Row],[Popular name]]&")" -> Astronium graveolens (Jobillo) | D6: timber
A7: Attalea cohune | B7: Cohune palm | C7: =Table1[[#This Row],[Scientific name]]&" ("&Table1[[#This Row],[Popular name]]&")" -> Attalea cohune (Cohune palm) | D7: habitat
A8: Avicenia germinans | B8: Black mangrove | C8: =Table1[[#This Row],[Scientific name]]&" ("&Table1[[#This Row],[Popular name]]&")" -> Avicenia germinans (Black mangrove) | D8: habitat
A9: Bactris major | B9: Pokenoboy | C9: =Table1[[#This Row],[Scientific name]]&" ("&Table1[[#This Row],[Popular name]]&")" -> Bactris major (Pokenoboy) | D9: habitat
A10: Bauhinia divaricata | B10: cow foot | C10: =Table1[[#This Row],[Scientific name]]&" ("&Table1[[#This Row],[Popular name]]&")" -> Bauhinia divaricata (cow foot) | D10: habitat
A11: Bourreria mollis | B11: Wild craboo | C11: =Table1[[#This Row],[Scientific name]]&" ("&Table1[[#This Row],[Popular name]]&")" -> Bourreria mollis (Wild craboo) | D11: habitat
A12: Brossimium alicastrum | B12: Ramon | C12: =Table1[[#This Row],[Scientific name]]&" ("&Table1[[#This Row],[Popular name]]&")" -> Brossimium alicastrum (Ramon) | D12: habitat
A13: Bucida buceras | B13: Bullet tree | C13: =Table1[[#This Row],[Scientific name]]&" ("&Table1[[#This Row],[Popular name]]&")" -> Bucida buceras (Bullet tree) | D13: timber
A14: Bursera simaruba | B14: Red gumbolimbo | C14: =Table1[[#This Row],[Scientific name]]&" ("&Table1[[#This Row],[Popular name]]&")" -> Bursera simaruba (Red gumbolimbo) | D14: medicinal
A15: Bysornima bucidaefolia | B15: Sak paj | C15: =Table1[[#This Row],[Scientific name]]&" ("&Table1[[#This Row],[Popular name]]&")" -> Bysornima bucidaefolia (Sak paj) | D15: habitat
A16: Caesalpina gaumeri | B16: Warree wood | C16: =Table1[[#This Row],[Scientific name]]&" ("&Table1[[#This Row],[Popular name]]&")" -> Caesalpina gaumeri (Warree wood) | D16: timber
... A27: Coccoloba belizensis | B27: Grande betty | C27: =Table1[[#This Row],[Scientific name]]&" ("&Table1[[#This Row],[Popular name]]&")" -> Coccoloba belizensis (Grande betty) | D27: habitat
A28: Coccoloba diversifolia | B28: Bob small leaf | C28: =Table1[[#This Row],[Scientific name]]&" ("&Table1[[#This Row],[Popular name]]&")" -> Coccoloba diversifolia (Bob small leaf)
A29: Coccothrinax argentata | B29: Silver palm | C29: =Table1[[#This Row],[Scientific name]]&" ("&Table1[[#This Row],[Popular name]]&")" -> Coccothrinax argentata (Silver palm) | D29: habitat
A30: Cojoba graciliflora | B30: John crow bead | C30: =Table1[[#This Row],[Scientific name]]&" ("&Table1[[#This Row],[Popular name]]&")" -> Cojoba graciliflora (John crow bead) | D30: habitat
A31: Conocarpus erectus | B31: Boton wood | C31: =Table1[[#This Row],[Scientific name]]&" ("&Table1[[#This Row],[Popular name]]&")" -> Conocarpus erectus (Boton wood ) | D31: habitat
A32: Cordia dodecandra | B32: Ziricote | C32: =Table1[[#This Row],[Scientific name]]&" ("&Table1[[#This Row],[Popular name]]&")" -> Cordia dodecandra (Ziricote) | D32: timber
A33: Cordia sebestena | B33: Ziricote | C33: =Table1[[#This Row],[Scientific name]]&" ("&Table1[[#This Row],[Popular name]]&")" -> Cordia sebestena (Ziricote) | D33: timber
A34: Crescentia cujete | B34: Calabash | C34: =Table1[[#This Row],[Scientific name]]&" ("&Table1[[#This Row],[Popular name]]&")" -> Crescentia cujete (Calabash) | D34: habitat
A35: Crysophila stauracantha | B35: Give and take | C35: =Table1[[#This Row],[Scientific name]]&" ("&Table1[[#This Row],[Popular name]]&")" -> Crysophila stauracantha (Give and take) | D35: habitat
A36: Dead wood | B36: CLASS 1 | C36: =Table1[[#This Row],[Scientific name]]&" ("&Table1[[#This Row],[Popular name]]&")" -> Dead wood (CLASS 1) | D36: habitat
A37: Dead wood | B37: CLASS 2 | C37: =Table1[[#This Row],[Scientific name]]&" ("&Table1[[#This Row],[Popular name]]&")" -> Dead wood (CLASS 2) | D37: habitat
A38: Delonix regia | B38: Flamboiant tree | C38: =Table1[[#This Row],[Scientific name]]&" ("&Table1[[#This Row],[Popular name]]&")" -> Delonix regia (Flamboiant tree) | D38: habitat
A39: Dendropandax arboreus | B39: White gumbolimbo | C39: =Table1[[#This Row],[Scientific name]]&" ("&Table1[[#This Row],[Popular name]]&")" -> Dendropandax arboreus (White gumbolimbo) | D39: timber
A40: Diospirus salcifolia | B40: cyril | C40: =Table1[[#This Row],[Scientific name]]&" ("&Table1[[#This Row],[Popular name]]&")" -> Diospirus salcifolia (cyril) | D40: habitat
... A44: Enterolobium cyclocarpum | B44: Guanacaste | C44: =Table1[[#This Row],[Scientific name]]&" ("&Table1[[#This Row],[Popular name]]&")" -> Enterolobium cyclocarpum (Guanacaste) | D44: timber
A45: Erythoxylum guatemalensis | B45: Chokche | C45: =Table1[[#This Row],[Scientific name]]&" ("&Table1[[#This Row],[Popular name]]&")" -> Erythoxylum guatemalensis (Chokche)
A46: Exothea diphylla | B46: uayamcox | C46: =Table1[[#This Row],[Scientific name]]&" ("&Table1[[#This Row],[Popular name]]&")" -> Exothea diphylla (uayamcox) | D46: habitat
A47: ficus sp. | B47: Ficus | C47: =Table1[[#This Row],[Scientific name]]&" ("&Table1[[#This Row],[Popular name]]&")" -> ficus sp. (Ficus) | D47: habitat
A48: Ficus sp. Obtusifolia | B48: Amate matapalo | C48: =Table1[[#This Row],[Scientific name]]&" ("&Table1[[#This Row],[Popular name]]&")" -> Ficus sp. Obtusifolia (Amate matapalo) | D48: habitat
A49: Gaussia maya | B49: Maya palm | C49: =Table1[[#This Row],[Scientific name]]&" ("&Table1[[#This Row],[Popular name]]&")" -> Gaussia maya (Maya palm) | D49: habitat
A50: Gliricidia sepium | B50: Madre cacoa | C50: =Table1[[#This Row],[Scientific name]]&" ("&Table1[[#This Row],[Popular name]]&")" -> Gliricidia sepium (Madre cacoa) | D50: timber
A51: Guazuma ulmifolia | B51: Bay cedar | C51: =Table1[[#This Row],[Scientific name]]&" ("&Table1[[#This Row],[Popular name]]&")" -> Guazuma ulmifolia (Bay cedar) | D51: habitat
A52: Guettarda combsii | B52: Glassy wood | C52: =Table1[[#This Row],[Scientific name]]&" ("&Table1[[#This Row],[Popular name]]&")" -> Guettarda combsii (Glassy wood) | D52: habitat
A53: Gymnathes lucida | B53: Pi | C53: =Table1[[#This Row],[Scientific name]]&" ("&Table1[[#This Row],[Popular name]]&")" -> Gymnathes lucida (Pi ) | D53: timber
A54: Gymopodium floribundum | B54: Canelita | C54: =Table1[[#This Row],[Scientific name]]&" ("&Table1[[#This Row],[Popular name]]&")" -> Gymopodium floribundum (Canelita) | D54: habitat
A55: Haemotoxylon campechianum | B55: Log wood | C55: =Table1[[#This Row],[Scientific name]]&" ("&Table1[[#This Row],[Popular name]]&")" -> Haemotoxylon campechianum (Log wood) | D55: timber
A56: Hampea trilobata | B56: Moho | C56: =Table1[[#This Row],[Scientific name]]&" ("&Table1[[#This Row],[Popular name]]&")" -> Hampea trilobata (Moho) | D56: habitat
A57: Handroanthus chrisantus | B57: Canlol | C57: =Table1[[#This Row],[Scientific name]]&" ("&Table1[[#This Row],[Popular name]]&")" -> Handroanthus chrisantus (Canlol) | D57: habitat
... A109: Trophis racemosa | B109: Red ramon | C109: =Table1[[#This Row],[Scientific name]]&" ("&Table1[[#This Row],[Popular name]]&")" -> Trophis racemosa (Red ramon) | D109: habitat
A110: Uknown | B110: Unknown | C110: =Table1[[#This Row],[Scientific name]]&" ("&Table1[[#This Row],[Popular name]]&")" -> Uknown (Unknown)
A111: vitex gaumeri | B111: fiddle wood | C111: =Table1[[#This Row],[Scientific name]]&" ("&Table1[[#This Row],[Popular name]]&")" -> vitex gaumeri (fiddle wood) | D111: timber
A112: xylopia frutesense | B112: Pole wood | C112: =Table1[[#This Row],[Scientific name]]&" ("&Table1[[#This Row],[Popular name]]&")" -> xylopia frutesense (Pole wood) | D112: habitat
A113: Zanthoxylum caribaeum | B113: Zinanche | C113: =Table1[[#This Row],[Scientific name]]&" ("&Table1[[#This Row],[Popular name]]&")" -> Zanthoxylum caribaeum (Zinanche) | D113: medicinal
A114: Zuelania guidonia | B114: Water wood tamai | C114: =Table1[[#This Row],[Scientific name]]&" ("&Table1[[#This Row],[Popular name]]&")" -> Zuelania guidonia (Water wood tamai) | D114: habitat
A115: Zygia cognata | B115: Turttle bon | C115: =Table1[[#This Row],[Scientific name]]&" ("&Table1[[#This Row],[Popular name]]&")" -> Zygia cognata (Turttle bon) | D115: habitat
